Name,Year,Club,Nationality,Position,Overall
Lionel Messi,2012,Barcelona,Argentina,ATT,99
Pele,1970,Santos,Brazil,ATT,99
Cristiano Ronaldo,2014,Real Madrid,Portugal,ATT,98
Diego Maradona,1987,Napoli,Argentina,ATT,98
Lionel Messi,2010,Barcelona,Argentina,ATT,98
Pele,1968,Santos,Brazil,ATT,98
Ronaldo Nazario,1997,Barcelona,Brazil,ATT,98
Alfredo Di Stefano,1957,Real Madrid,Argentina,ATT,97
Cristiano Ronaldo,2012,Real Madrid,Portugal,ATT,97
Diego Maradona,1985,Napoli,Argentina,ATT,97
Gerd Mueller,1972,Bayern Munich,Germany,ATT,97
Johan Cruyff,1972,Ajax,Netherlands,ATT,97
Ronaldo Nazario,1995,Barcelona,Brazil,ATT,97
Alfredo Di Stefano,1955,Real Madrid,Argentina,ATT,96
Eusebio,1966,Benfica,Portugal,ATT,96
Ferenc Puskas,1960,Real Madrid,Hungary,ATT,96
Gerd Mueller,1970,Bayern Munich,Germany,ATT,96
Johan Cruyff,1970,Ajax,Netherlands,ATT,96
Mane Garrincha,1962,Botafogo,Brazil,ATT,96
Marco van Basten,1989,AC Milan,Netherlands,ATT,96
Ronaldinho,2005,Barcelona,Brazil,ATT,96
Thierry Henry,2004,Arsenal,France,ATT,96
Eusebio,1964,Benfica,Portugal,ATT,95
Ferenc Puskas,1958,Real Madrid,Hungary,ATT,95
George Best,1968,Manchester United,Northern Ireland,ATT,95
Mane Garrincha,1960,Botafogo,Brazil,ATT,95
Marco van Basten,1987,AC Milan,Netherlands,ATT,95
Robert Lewandowski,2020,Bayern Munich,Poland,ATT,95
Romario,1994,Barcelona,Brazil,ATT,95
Ronaldinho,2003,Barcelona,Brazil,ATT,95
Thierry Henry,2002,Arsenal,France,ATT,95
Zico,1981,Flamengo,Brazil,ATT,95
Andriy Shevchenko,2004,AC Milan,Ukraine,ATT,94
Erling Haaland,2023,Manchester City,Norway,ATT,94
George Best,1966,Manchester United,Northern Ireland,ATT,94
Jairzinho,1970,Botafogo,Brazil,ATT,94
Kaka,2007,AC Milan,Brazil,ATT,94
Karim Benzema,2022,Real Madrid,France,ATT,94
Karl-Heinz Rummenigge,1981,Bayern Munich,Germany,ATT,94
Kylian Mbappe,2022,Paris Saint-Germain,France,ATT,94
Lev Yashin,1963,Dynamo Moscow,Soviet Union,ATT,94
Luis Figo,2001,Real Madrid,Portugal,ATT,94
Luis Suarez,2016,Barcelona,Uruguay,ATT,94
Neymar,2015,Barcelona,Brazil,ATT,94
Rivaldo,1999,Barcelona,Brazil,ATT,94
Robert Lewandowski,2018,Bayern Munich,Poland,ATT,94
Roberto Baggio,1993,Juventus,Italy,ATT,94
Romario,1992,Barcelona,Brazil,ATT,94
Zico,1979,Flamengo,Brazil,ATT,94
Alessandro Del Piero,1998,Juventus,Italy,ATT,93
Andriy Shevchenko,2002,AC Milan,Ukraine,ATT,93
Arjen Robben,2014,Bayern Munich,Netherlands,ATT,93
Erling Haaland,2021,Manchester City,Norway,ATT,93
Francesco Totti,2001,Roma,Italy,ATT,93
Gabriel Batistuta,1998,Fiorentina,Argentina,ATT,93
Hristo Stoichkov,1994,Barcelona,Bulgaria,ATT,93
Jairzinho,1968,Botafogo,Brazil,ATT,93
Just Fontaine,1958,Reims,France,ATT,93
Kaka,2005,AC Milan,Brazil,ATT,93
Karim Benzema,2020,Real Madrid,France,ATT,93
Karl-Heinz Rummenigge,1979,Bayern Munich,Germany,ATT,93
Kylian Mbappe,2020,Paris Saint-Germain,France,ATT,93
Lev Yashin,1961,Dynamo Moscow,Soviet Union,ATT,93
Luis Figo,1999,Real Madrid,Portugal,ATT,93
Luis Suarez,2014,Barcelona,Uruguay,ATT,93
Mohamed Salah,2018,Liverpool,Egypt,ATT,93
Neymar,2013,Barcelona,Brazil,ATT,93
Raul,2001,Real Madrid,Spain,ATT,93
Raul Gonzalez,2001,Real Madrid,Spain,ATT,93
Rivaldo,1997,Barcelona,Brazil,ATT,93
Roberto Baggio,1991,Juventus,Italy,ATT,93
Ruud Gullit,1988,AC Milan,Netherlands,ATT,93
Samuel Eto'o,2006,Barcelona,Cameroon,ATT,93
Uwe Seeler,1960,Hamburger SV,Germany,ATT,93
Zlatan Ibrahimovic,2012,AC Milan,Sweden,ATT,93
Alan Shearer,1996,Newcastle United,England,ATT,92
Alessandro Del Piero,1996,Juventus,Italy,ATT,92
Arjen Robben,2012,Bayern Munich,Netherlands,ATT,92
Dennis Bergkamp,1998,Arsenal,Netherlands,ATT,92
Francesco Totti,1999,Roma,Italy,ATT,92
Franck Ribery,2013,Bayern Munich,France,ATT,92
Gabriel Batistuta,1996,Fiorentina,Argentina,ATT,92
George Weah,1995,AC Milan,Liberia,ATT,92
Hristo Stoichkov,1992,Barcelona,Bulgaria,ATT,92
Hugo Sanchez,1988,Real Madrid,Mexico,ATT,92
Just Fontaine,1956,Reims,France,ATT,92
Mohamed Salah,2016,Liverpool,Egypt,ATT,92
Raul,1999,Real Madrid,Spain,ATT,92
Raul Gonzalez,1999,Real Madrid,Spain,ATT,92
Ruud Gullit,1986,AC Milan,Netherlands,ATT,92
Samuel Eto'o,2004,Barcelona,Cameroon,ATT,92
Sergio Aguero,2012,Manchester City,Argentina,ATT,92
Uwe Seeler,1958,Hamburger SV,Germany,ATT,92
Wayne Rooney,2010,Manchester United,England,ATT,92
Zlatan Ibrahimovic,2010,AC Milan,Sweden,ATT,92
Alan Shearer,1994,Newcastle United,England,ATT,91
Antoine Griezmann,2016,Atletico Madrid,France,ATT,91
David Villa,2009,Valencia,Spain,ATT,91
Dennis Bergkamp,1996,Arsenal,Netherlands,ATT,91
Didier Drogba,2010,Chelsea,Ivory Coast,ATT,91
Dragan Dzajic,1968,Red Star Belgrade,Serbia,ATT,91
Eric Cantona,1994,Manchester United,France,ATT,91
Fernando Torres,2008,Liverpool,Spain,ATT,91
Franck Ribery,2011,Bayern Munich,France,ATT,91
George Weah,1993,AC Milan,Liberia,ATT,91
Harry Kane,2018,Tottenham Hotspur,England,ATT,91
Hugo Sanchez,1986,Real Madrid,Mexico,ATT,91
Jean-Pierre Papin,1991,Marseille,France,ATT,91
Juan Roman Riquelme,2007,Boca Juniors,Argentina,ATT,91
Paolo Rossi,1982,Juventus,Italy,ATT,91
Radamel Falcao,2012,Atletico Madrid,Colombia,ATT,91
Ruud van Nistelrooy,2003,Manchester United,Netherlands,ATT,91
Sadio Mane,2019,Liverpool,Senegal,ATT,91
Sergio Aguero,2010,Manchester City,Argentina,ATT,91
Socrates,1982,Corinthians,Brazil,ATT,91
Wayne Rooney,2008,Manchester United,England,ATT,91
Abedi Pele,1991,Marseille,Ghana,ATT,90
Adriano,2005,Inter Milan,Brazil,ATT,90
Antoine Griezmann,2014,Atletico Madrid,France,ATT,90
Christian Vieri,1999,Inter Milan,Italy,ATT,90
David Villa,2007,Valencia,Spain,ATT,90
Davor Suker,1998,Real Madrid,Croatia,ATT,90
Didier Drogba,2008,Chelsea,Ivory Coast,ATT,90
Diego Forlan,2010,Atletico Madrid,Uruguay,ATT,90
Edinson Cavani,2013,Napoli,Uruguay,ATT,90
Emilio Butragueno,1987,Real Madrid,Spain,ATT,90
Eric Cantona,1992,Manchester United,France,ATT,90
Fernando Torres,2006,Liverpool,Spain,ATT,90
Gonzalo Higuain,2016,Napoli,Argentina,ATT,90
Harry Kane,2016,Tottenham Hotspur,England,ATT,90
Hernan Crespo,1999,Parma,Argentina,ATT,90
Jean-Pierre Papin,1989,Marseille,France,ATT,90
Juan Roman Riquelme,2005,Boca Juniors,Argentina,ATT,90
Marco Reus,2013,Borussia Dortmund,Germany,ATT,90
Michael Owen,2001,Liverpool,England,ATT,90
Miroslav Klose,2006,Werder Bremen,Germany,ATT,90
Paolo Rossi,1980,Juventus,Italy,ATT,90
Robin van Persie,2013,Manchester United,Netherlands,ATT,90
Ruud van Nistelrooy,2001,Manchester United,Netherlands,ATT,90
Sadio Mane,2017,Liverpool,Senegal,ATT,90
Socrates,1980,Corinthians,Brazil,ATT,90
Son Heung-min,2022,Tottenham Hotspur,South Korea,ATT,90
Thomas Mueller,2014,Bayern Munich,Germany,ATT,90
Alexis Sanchez,2016,Arsenal,Chile,ATT,89
Angel Di Maria,2014,Real Madrid,Argentina,ATT,89
Carlos Tevez,2011,Manchester City,Argentina,ATT,89
David Silva,2017,Manchester City,Spain,ATT,89
Dejan Savicevic,1994,AC Milan,Montenegro,ATT,89
Ivan Zamorano,1995,Real Madrid,Chile,ATT,89
James Rodriguez,2014,Real Madrid,Colombia,ATT,89
Lautaro Martinez,2024,Inter Milan,Argentina,ATT,89
Paulo Dybala,2017,Juventus,Argentina,ATT,89
Pierre-Emerick Aubameyang,2017,Borussia Dortmund,Gabon,ATT,89
Rudi Voeller,1987,Werder Bremen,Germany,ATT,89
Antonio Di Natale,2010,Udinese,Italy,ATT,88
Carlos Valderrama,1990,Montpellier,Colombia,ATT,88
Cha Bum-kun,1986,Bayer Leverkusen,South Korea,ATT,88
Filippo Inzaghi,2007,AC Milan,Italy,ATT,88
Gianfranco Zola,1997,Chelsea,Italy,ATT,88
Giovanni Elber,2003,Bayern Munich,Brazil,ATT,88
Ian Wright,1997,Arsenal,England,ATT,88
Jadon Sancho,2020,Borussia Dortmund,England,ATT,88
Marcelo Salas,1999,Lazio,Chile,ATT,88
Mario Gomez,2011,Bayern Munich,Germany,ATT,88
Patrick Kluivert,1995,Ajax,Netherlands,ATT,88
Roger Milla,1990,Monaco,Cameroon,ATT,88
Roy Keane,1999,Manchester United,Ireland,ATT,88
Roy Makaay,2003,Deportivo La Coruna,Netherlands,ATT,88
Darko Pancev,1991,Red Star Belgrade,North Macedonia,ATT,87
Dimitar Berbatov,2010,Manchester United,Bulgaria,ATT,87
Jamie Vardy,2016,Leicester City,England,ATT,87
Luca Toni,2006,Fiorentina,Italy,ATT,87
Marek Hamsik,2013,Napoli,Slovakia,ATT,87
Robbie Fowler,1996,Liverpool,England,ATT,87
Alexandre Lacazette,2017,Lyon,France,ATT,86
Andy Cole,1999,Manchester United,England,ATT,86
Claudio Pizarro,2010,Werder Bremen,Peru,ATT,86
David Ginola,1996,Newcastle United,France,ATT,86
Hidetoshi Nakata,2001,Roma,Japan,ATT,86
Memphis Depay,2018,Lyon,Netherlands,ATT,86
Nani,2011,Manchester United,Portugal,ATT,86
Nicolas Anelka,1999,Arsenal,France,ATT,86
Rafael Marquez,2006,Barcelona,Mexico,ATT,86
Robinho,2004,Santos,Brazil,ATT,86
Santi Cazorla,2013,Arsenal,Spain,ATT,86
Les Ferdinand,1996,Newcastle United,England,ATT,85
Lukas Podolski,2006,Cologne,Germany,ATT,85
Serhiy Rebrov,1999,Dynamo Kyiv,Ukraine,ATT,85
Ali Daei,1999,Bayern Munich,Iran,ATT,84
Andriy Yarmolenko,2015,Dynamo Kyiv,Ukraine,ATT,84
Clint Dempsey,2012,Fulham,United States,ATT,84
Dirk Kuyt,2007,Liverpool,Netherlands,ATT,84
Florent Malouda,2010,Chelsea,France,ATT,84
Javier Hernandez,2011,Manchester United,Mexico,ATT,84
Landon Donovan,2010,LA Galaxy,United States,ATT,84
Olivier Giroud,2015,Arsenal,France,ATT,84
Pedro,2011,Barcelona,Spain,ATT,84
Teddy Sheringham,1999,Manchester United,England,ATT,84
Timo Werner,2020,RB Leipzig,Germany,ATT,84
Salomon Kalou,2010,Chelsea,Ivory Coast,ATT,80
Zinedine Zidane,2002,Real Madrid,France,MID,97
Andres Iniesta,2012,Barcelona,Spain,MID,96
Michel Platini,1984,Juventus,France,MID,96
Xavi,2010,Barcelona,Spain,MID,96
Zinedine Zidane,2000,Real Madrid,France,MID,96
Andres Iniesta,2010,Barcelona,Spain,MID,95
Lothar Matthaeus,1990,Inter Milan,Germany,MID,95
Luka Modric,2018,Real Madrid,Croatia,MID,95
Michel Platini,1982,Juventus,France,MID,95
Xavi,2008,Barcelona,Spain,MID,95
Andrea Pirlo,2006,AC Milan,Italy,MID,94
Kevin De Bruyne,2020,Manchester City,Belgium,MID,94
Lothar Matthaeus,1988,Inter Milan,Germany,MID,94
Luka Modric,2016,Real Madrid,Croatia,MID,94
Michael Laudrup,1993,Barcelona,Denmark,MID,94
Rivelino,1970,Corinthians,Brazil,MID,94
Andrea Pirlo,2004,AC Milan,Italy,MID,93
Eden Hazard,2019,Chelsea,Belgium,MID,93
Falcao,1983,Roma,Brazil,MID,93
Kevin De Bruyne,2018,Manchester City,Belgium,MID,93
Michael Laudrup,1991,Barcelona,Denmark,MID,93
Patrick Vieira,2004,Arsenal,France,MID,93
Rivelino,1968,Corinthians,Brazil,MID,93
Steven Gerrard,2005,Liverpool,England,MID,93
Toni Kroos,2016,Real Madrid,Germany,MID,93
Eden Hazard,2017,Chelsea,Belgium,MID,92
Falcao,1981,Roma,Brazil,MID,92
Frank Lampard,2005,Chelsea,England,MID,92
Frank Rijkaard,1989,AC Milan,Netherlands,MID,92
Johan Neeskens,1973,Ajax,Netherlands,MID,92
Patrick Vieira,2002,Arsenal,France,MID,92
Paul Scholes,2003,Manchester United,England,MID,92
Pavel Nedved,2003,Juventus,Czech Republic,MID,92
Steven Gerrard,2003,Liverpool,England,MID,92
Toni Kroos,2014,Real Madrid,Germany,MID,92
Bastian Schweinsteiger,2013,Bayern Munich,Germany,MID,91
Clarence Seedorf,2007,AC Milan,Netherlands,MID,91
David Beckham,1999,Manchester United,England,MID,91
David Silva,2012,Manchester City,Spain,MID,91
Fernando Redondo,2000,Real Madrid,Argentina,MID,91
Frank Lampard,2003,Chelsea,England,MID,91
Frank Rijkaard,1987,AC Milan,Netherlands,MID,91
Gerson,1970,Sao Paulo,Brazil,MID,91
Gheorghe Hagi,2000,Galatasaray,Romania,MID,91
Johan Neeskens,1971,Ajax,Netherlands,MID,91
Michael Ballack,2002,Bayer Leverkusen,Germany,MID,91
N'Golo Kante,2017,Chelsea,France,MID,91
Obdulio Varela,1950,Penarol,Uruguay,MID,91
Paul Scholes,2001,Manchester United,England,MID,91
Pavel Nedved,2001,Juventus,Czech Republic,MID,91
Philipp Lahm,2014,Bayern Munich,Germany,MID,91
Roy Keane,1999,Manchester United,Ireland,MID,91
Ryan Giggs,1999,Manchester United,Wales,MID,91
Sergio Busquets,2011,Barcelona,Spain,MID,91
Wesley Sneijder,2010,Inter Milan,Netherlands,MID,91
Yaya Toure,2014,Manchester City,Ivory Coast,MID,91
Bastian Schweinsteiger,2011,Bayern Munich,Germany,MID,90
Casemiro,2017,Real Madrid,Brazil,MID,90
Cesc Fabregas,2010,Arsenal,Spain,MID,90
Clarence Seedorf,2005,AC Milan,Netherlands,MID,90
Claude Makelele,2005,Chelsea,France,MID,90
David Beckham,1997,Manchester United,England,MID,90
David Silva,2010,Manchester City,Spain,MID,90
Edgar Davids,1998,Juventus,Netherlands,MID,90
Enzo Francescoli,1986,River Plate,Uruguay,MID,90
Fernando Redondo,1998,Real Madrid,Argentina,MID,90
Gerson,1968,Sao Paulo,Brazil,MID,90
Gheorghe Hagi,1998,Galatasaray,Romania,MID,90
Joshua Kimmich,2020,Bayern Munich,Germany,MID,90
Juninho Pernambucano,2006,Lyon,Brazil,MID,90
Mesut Ozil,2012,Real Madrid,Germany,MID,90
Michael Ballack,2000,Bayer Leverkusen,Germany,MID,90
N'Golo Kante,2015,Chelsea,France,MID,90
Obdulio Varela,1948,Penarol,Uruguay,MID,90
Philipp Lahm,2012,Bayern Munich,Germany,MID,90
Roy Keane,1997,Manchester United,Ireland,MID,90
Rui Costa,1998,Fiorentina,Portugal,MID,90
Ryan Giggs,1997,Manchester United,Wales,MID,90
Sergio Busquets,2009,Barcelona,Spain,MID,90
Wesley Sneijder,2008,Inter Milan,Netherlands,MID,90
Yaya Toure,2012,Manchester City,Ivory Coast,MID,90
Angel Di Maria,2016,Paris Saint-Germain,Argentina,MID,89
Bernardo Silva,2019,Manchester City,Portugal,MID,89
Casemiro,2015,Real Madrid,Brazil,MID,89
Cesc Fabregas,2008,Arsenal,Spain,MID,89
Claude Makelele,2003,Chelsea,France,MID,89
Deco,2006,Barcelona,Portugal,MID,89
Dunga,1994,Fiorentina,Brazil,MID,89
Edgar Davids,1996,Juventus,Netherlands,MID,89
Enzo Francescoli,1984,River Plate,Uruguay,MID,89
Florian Wirtz,2024,Bayer Leverkusen,Germany,MID,89
Ilkay Gundogan,2023,Manchester City,Germany,MID,89
Jari Litmanen,1995,Ajax,Finland,MID,89
Jay-Jay Okocha,2004,Bolton Wanderers,Nigeria,MID,89
Joshua Kimmich,2018,Bayern Munich,Germany,MID,89
Juan Sebastian Veron,2000,Lazio,Argentina,MID,89
Juninho Pernambucano,2004,Lyon,Brazil,MID,89
Marco Verratti,2015,Paris Saint-Germain,Italy,MID,89
Martin Odegaard,2023,Arsenal,Norway,MID,89
Mesut Ozil,2010,Real Madrid,Germany,MID,89
Michael Essien,2007,Chelsea,Ghana,MID,89
Paul Pogba,2015,Juventus,France,MID,89
Rui Costa,1996,Fiorentina,Portugal,MID,89
Angel Di Maria,2014,Paris Saint-Germain,Argentina,MID,88
Arturo Vidal,2015,Juventus,Chile,MID,88
Bernardo Silva,2017,Manchester City,Portugal,MID,88
Brian Laudrup,1996,Rangers,Denmark,MID,88
Bruno Fernandes,2021,Manchester United,Portugal,MID,88
Christian Eriksen,2017,Tottenham Hotspur,Denmark,MID,88
Declan Rice,2024,Arsenal,England,MID,88
Deco,2004,Barcelona,Portugal,MID,88
Diego Simeone,1996,Atletico Madrid,Argentina,MID,88
Dunga,1992,Fiorentina,Brazil,MID,88
Esteban Cambiasso,2010,Inter Milan,Argentina,MID,88
Florian Wirtz,2022,Bayer Leverkusen,Germany,MID,88
Ilkay Gundogan,2021,Manchester City,Germany,MID,88
Ivan Rakitic,2015,Barcelona,Croatia,MID,88
Jari Litmanen,1993,Ajax,Finland,MID,88
Javier Mascherano,2008,Liverpool,Argentina,MID,88
Jay-Jay Okocha,2002,Bolton Wanderers,Nigeria,MID,88
Juan Mata,2013,Chelsea,Spain,MID,88
Juan Sebastian Veron,1998,Lazio,Argentina,MID,88
Marco Verratti,2013,Paris Saint-Germain,Italy,MID,88
Martin Odegaard,2021,Arsenal,Norway,MID,88
Michael Essien,2005,Chelsea,Ghana,MID,88
Paul Pogba,2013,Juventus,France,MID,88
Preben Elkjaer,1985,Verona,Denmark,MID,88
Rai,1995,Paris Saint-Germain,Brazil,MID,88
Riyad Mahrez,2016,Leicester City,Algeria,MID,88
Robert Prosinecki,1991,Red Star Belgrade,Croatia,MID,88
Zvonimir Boban,1995,AC Milan,Croatia,MID,88
Arturo Vidal,2013,Juventus,Chile,MID,87
Brian Laudrup,1994,Rangers,Denmark,MID,87
Bruno Fernandes,2019,Manchester United,Portugal,MID,87
Christian Eriksen,2015,Tottenham Hotspur,Denmark,MID,87
Declan Rice,2022,Arsenal,England,MID,87
Diego Simeone,1994,Atletico Madrid,Argentina,MID,87
Dimitri Payet,2016,West Ham United,France,MID,87
Esteban Cambiasso,2008,Inter Milan,Argentina,MID,87
Fernandinho,2019,Manchester City,Brazil,MID,87
Ivan Rakitic,2013,Barcelona,Croatia,MID,87
Javier Mascherano,2006,Liverpool,Argentina,MID,87
Juan Mata,2011,Chelsea,Spain,MID,87
Preben Elkjaer,1983,Verona,Denmark,MID,87
Rai,1993,Paris Saint-Germain,Brazil,MID,87
Riyad Mahrez,2014,Leicester City,Algeria,MID,87
Robert Prosinecki,1989,Red Star Belgrade,Croatia,MID,87
Siniša Mihajlovic,1999,Lazio,Serbia,MID,87
Zvonimir Boban,1993,AC Milan,Croatia,MID,87
Blaise Matuidi,2016,Paris Saint-Germain,France,MID,86
Cuauhtemoc Blanco,1998,Club America,Mexico,MID,86
Dejan Stankovic,2010,Inter Milan,Serbia,MID,86
Dimitri Payet,2014,West Ham United,France,MID,86
Fabinho,2020,Liverpool,Brazil,MID,86
Fernandinho,2017,Manchester City,Brazil,MID,86
Gheorghe Popescu,1997,Barcelona,Romania,MID,86
Gilberto Silva,2004,Arsenal,Brazil,MID,86
Hulk,2011,Porto,Brazil,MID,86
Kai Havertz,2020,Bayer Leverkusen,Germany,MID,86
Leonardo,1997,AC Milan,Brazil,MID,86
Nuri Sahin,2011,Borussia Dortmund,Turkey,MID,86
Sami Hyypia,2005,Liverpool,Finland,MID,86
Shinji Kagawa,2012,Borussia Dortmund,Japan,MID,86
Siniša Mihajlovic,1997,Lazio,Serbia,MID,86
Thiago Motta,2014,Paris Saint-Germain,Italy,MID,86
Tomas Rosicky,2002,Borussia Dortmund,Czech Republic,MID,86
Ze Roberto,2007,Bayern Munich,Brazil,MID,86
Dejan Stankovic,2008,Inter Milan,Serbia,MID,85
Gheorghe Popescu,1995,Barcelona,Romania,MID,85
Joao Moutinho,2017,Monaco,Portugal,MID,85
Jordan Henderson,2020,Liverpool,England,MID,85
Keisuke Honda,2010,CSKA Moscow,Japan,MID,85
Leonardo,1995,AC Milan,Brazil,MID,85
Park Ji-sung,2009,Manchester United,South Korea,MID,85
Tomas Rosicky,2000,Borussia Dortmund,Czech Republic,MID,85
Willian,2018,Chelsea,Brazil,MID,85
Andres Guardado,2015,PSV Eindhoven,Mexico,MID,84
Aurelien Tchouameni,2021,Monaco,France,MID,84
Georginio Wijnaldum,2019,Liverpool,Netherlands,MID,84
Julian Brandt,2019,Bayer Leverkusen,Germany,MID,84
Karel Poborsky,1997,Manchester United,Czech Republic,MID,84
Matias Fernandez,2006,Villarreal,Chile,MID,84
Oscar,2014,Chelsea,Brazil,MID,84
Ruben Neves,2019,Wolves,Portugal,MID,84
Seydou Keita,2011,Barcelona,Mali,MID,84
Ali Karimi,2005,Bayern Munich,Iran,MID,83
Sebastian Kehl,2012,Borussia Dortmund,Germany,MID,83
Seydou Doumbia,2012,CSKA Moscow,Ivory Coast,MID,83
Yasuhito Endo,2008,Gamba Osaka,Japan,MID,83
Claudio Reyna,2000,Rangers,United States,MID,82
Eduardo Camavinga,2020,Rennes,France,MID,82
Emre Can,2021,Borussia Dortmund,Germany,MID,82
James Milner,2019,Liverpool,England,MID,82
Mason Mount,2021,Chelsea,England,MID,82
Niko Kovac,2003,Bayern Munich,Croatia,MID,82
Sulley Muntari,2010,Inter Milan,Ghana,MID,82
Tomas Soucek,2021,West Ham United,Czech Republic,MID,82
Michael Bradley,2013,Roma,United States,MID,80
Youssouf Fofana,2023,Monaco,France,MID,80
Sunil Chhetri,2018,Bengaluru,India,MID,78
Franz Beckenbauer,1974,Bayern Munich,Germany,DEF,98
Franz Beckenbauer,1972,Bayern Munich,Germany,DEF,97
Paolo Maldini,1994,AC Milan,Italy,DEF,97
Franco Baresi,1989,AC Milan,Italy,DEF,96
Paolo Maldini,1992,AC Milan,Italy,DEF,96
Franco Baresi,1987,AC Milan,Italy,DEF,95
Alessandro Nesta,2004,AC Milan,Italy,DEF,94
Carlos Alberto,1970,Santos,Brazil,DEF,94
Daniel Passarella,1978,River Plate,Argentina,DEF,94
Djalma Santos,1962,Palmeiras,Brazil,DEF,94
Fabio Cannavaro,2006,Juventus,Italy,DEF,94
Gaetano Scirea,1982,Juventus,Italy,DEF,94
Giacinto Facchetti,1965,Inter Milan,Italy,DEF,94
Nilton Santos,1958,Botafogo,Brazil,DEF,94
Sergio Ramos,2017,Real Madrid,Spain,DEF,94
Alessandro Nesta,2002,AC Milan,Italy,DEF,93
Carles Puyol,2009,Barcelona,Spain,DEF,93
Carlos Alberto,1968,Santos,Brazil,DEF,93
Daniel Passarella,1976,River Plate,Argentina,DEF,93
Djalma Santos,1960,Palmeiras,Brazil,DEF,93
Fabio Cannavaro,2004,Juventus,Italy,DEF,93
Gaetano Scirea,1980,Juventus,Italy,DEF,93
Giacinto Facchetti,1963,Inter Milan,Italy,DEF,93
Jose Nasazzi,1930,Nacional,Uruguay,DEF,93
Nilton Santos,1956,Botafogo,Brazil,DEF,93
Philipp Lahm,2013,Bayern Munich,Germany,DEF,93
Roberto Carlos,2002,Real Madrid,Brazil,DEF,93
Sergio Ramos,2015,Real Madrid,Spain,DEF,93
Virgil van Dijk,2019,Liverpool,Netherlands,DEF,93
Cafu,2005,AC Milan,Brazil,DEF,92
Carles Puyol,2007,Barcelona,Spain,DEF,92
Dani Alves,2011,Barcelona,Brazil,DEF,92
Javier Zanetti,2010,Inter Milan,Argentina,DEF,92
John Terry,2005,Chelsea,England,DEF,92
Jose Nasazzi,1928,Nacional,Uruguay,DEF,92
Lilian Thuram,1998,Parma,France,DEF,92
Matthias Sammer,1996,Borussia Dortmund,Germany,DEF,92
Philipp Lahm,2011,Bayern Munich,Germany,DEF,92
Roberto Carlos,2000,Real Madrid,Brazil,DEF,92
Ruud Krol,1974,Ajax,Netherlands,DEF,92
Virgil van Dijk,2017,Liverpool,Netherlands,DEF,92
Cafu,2003,AC Milan,Brazil,DEF,91
Claudio Gentile,1982,Juventus,Italy,DEF,91
Dani Alves,2009,Barcelona,Brazil,DEF,91
Giorgio Chiellini,2016,Juventus,Italy,DEF,91
Javier Zanetti,2008,Inter Milan,Argentina,DEF,91
John Terry,2003,Chelsea,England,DEF,91
Lilian Thuram,1996,Parma,France,DEF,91
Marcel Desailly,1994,AC Milan,France,DEF,91
Marcelo,2017,Real Madrid,Brazil,DEF,91
Matthias Sammer,1994,Borussia Dortmund,Germany,DEF,91
Nemanja Vidic,2009,Manchester United,Serbia,DEF,91
Rio Ferdinand,2008,Manchester United,England,DEF,91
Ronald Koeman,1992,Barcelona,Netherlands,DEF,91
Ruud Krol,1972,Ajax,Netherlands,DEF,91
Thiago Silva,2013,Paris Saint-Germain,Brazil,DEF,91
Andreas Brehme,1990,Inter Milan,Germany,DEF,90
Ashley Cole,2010,Chelsea,England,DEF,90
Claudio Gentile,1980,Juventus,Italy,DEF,90
Fernando Hierro,1998,Real Madrid,Spain,DEF,90
Gerard Pique,2011,Barcelona,Spain,DEF,90
Giorgio Chiellini,2014,Juventus,Italy,DEF,90
Giuseppe Bergomi,1989,Inter Milan,Italy,DEF,90
Hector Chumpitaz,1970,Universitario,Peru,DEF,90
Jaap Stam,1999,Manchester United,Netherlands,DEF,90
Juergen Kohler,1997,Borussia Dortmund,Germany,DEF,90
Leonardo Bonucci,2017,Juventus,Italy,DEF,90
Maicon,2010,Inter Milan,Brazil,DEF,90
Marcel Desailly,1992,AC Milan,France,DEF,90
Marcelo,2015,Real Madrid,Brazil,DEF,90
Nemanja Vidic,2007,Manchester United,Serbia,DEF,90
Rio Ferdinand,2006,Manchester United,England,DEF,90
Ronald Koeman,1990,Barcelona,Netherlands,DEF,90
Thiago Silva,2011,Paris Saint-Germain,Brazil,DEF,90
Vincent Kompany,2012,Manchester City,Belgium,DEF,90
Andreas Brehme,1988,Inter Milan,Germany,DEF,89
Ashley Cole,2008,Chelsea,England,DEF,89
Diego Godin,2014,Atletico Madrid,Uruguay,DEF,89
Fernando Hierro,1996,Real Madrid,Spain,DEF,89
Gerard Pique,2009,Barcelona,Spain,DEF,89
Giuseppe Bergomi,1987,Inter Milan,Italy,DEF,89
Hector Chumpitaz,1968,Universitario,Peru,DEF,89
Jaap Stam,1997,Manchester United,Netherlands,DEF,89
Juergen Kohler,1995,Borussia Dortmund,Germany,DEF,89
Kalidou Koulibaly,2019,Napoli,Senegal,DEF,89
Laurent Blanc,1999,Marseille,France,DEF,89
Leonardo Bonucci,2015,Juventus,Italy,DEF,89
Lucio,2002,Bayern Munich,Brazil,DEF,89
Maicon,2008,Inter Milan,Brazil,DEF,89
Marquinhos,2020,Paris Saint-Germain,Brazil,DEF,89
Mats Hummels,2013,Borussia Dortmund,Germany,DEF,89
Pepe,2014,Real Madrid,Portugal,DEF,89
Raphael Varane,2018,Real Madrid,France,DEF,89
Ricardo Carvalho,2006,Chelsea,Portugal,DEF,89
Roberto Ayala,2004,Valencia,Argentina,DEF,89
Ruben Dias,2021,Manchester City,Portugal,DEF,89
Sol Campbell,2004,Arsenal,England,DEF,89
Tony Adams,1998,Arsenal,England,DEF,89
Vincent Kompany,2010,Manchester City,Belgium,DEF,89
Aldair,1994,Roma,Brazil,DEF,88
Andrea Barzagli,2015,Juventus,Italy,DEF,88
Andrew Robertson,2020,Liverpool,Scotland,DEF,88
Bixente Lizarazu,2001,Bayern Munich,France,DEF,88
David Alaba,2014,Bayern Munich,Austria,DEF,88
Diego Godin,2012,Atletico Madrid,Uruguay,DEF,88
Hans-Peter Briegel,1985,Verona,Germany,DEF,88
Jerome Boateng,2016,Bayern Munich,Germany,DEF,88
Joao Cancelo,2021,Manchester City,Portugal,DEF,88
Jordi Alba,2015,Barcelona,Spain,DEF,88
Jose Antonio Camacho,1982,Real Madrid,Spain,DEF,88
Kalidou Koulibaly,2017,Napoli,Senegal,DEF,88
Laurent Blanc,1997,Marseille,France,DEF,88
Lucio,2000,Bayern Munich,Brazil,DEF,88
Manuel Amoros,1984,Monaco,France,DEF,88
Marquinhos,2018,Paris Saint-Germain,Brazil,DEF,88
Mats Hummels,2011,Borussia Dortmund,Germany,DEF,88
Patrice Evra,2009,Manchester United,France,DEF,88
Pepe,2012,Real Madrid,Portugal,DEF,88
Rafael Marquez,2006,Barcelona,Mexico,DEF,88
Raphael Varane,2016,Real Madrid,France,DEF,88
Roberto Ayala,2002,Valencia,Argentina,DEF,88
Ruben Dias,2019,Manchester City,Portugal,DEF,88
Sergio Busquets,2011,Barcelona,Spain,DEF,88
Sol Campbell,2002,Arsenal,England,DEF,88
Tony Adams,1996,Arsenal,England,DEF,88
Trent Alexander-Arnold,2020,Liverpool,England,DEF,88
Walter Samuel,2010,Inter Milan,Argentina,DEF,88
Bixente Lizarazu,1999,Bayern Munich,France,DEF,87
Dani Carvajal,2017,Real Madrid,Spain,DEF,87
Hans-Peter Briegel,1983,Verona,Germany,DEF,87
Ivan Cordoba,2003,Inter Milan,Colombia,DEF,87
Jerome Boateng,2014,Bayern Munich,Germany,DEF,87
Manuel Amoros,1982,Monaco,France,DEF,87
Migueli,1978,Barcelona,Spain,DEF,87
Milan Skriniar,2021,Inter Milan,Slovakia,DEF,87
Ricardo Carvalho,2002,Chelsea,Portugal,DEF,87
Sami Hyypia,2005,Liverpool,Finland,DEF,87
Theo Hernandez,2022,AC Milan,France,DEF,87
William Saliba,2024,Arsenal,France,DEF,87
Aymeric Laporte,2019,Manchester City,Spain,DEF,86
Branislav Ivanovic,2012,Chelsea,Serbia,DEF,86
Diego Simeone,1996,Atletico Madrid,Argentina,DEF,86
Eder Militao,2022,Real Madrid,Brazil,DEF,86
Fernando Couto,2000,Lazio,Portugal,DEF,86
Gary Neville,1999,Manchester United,England,DEF,86
Jamie Carragher,2005,Liverpool,England,DEF,86
Jan Vertonghen,2016,Tottenham Hotspur,Belgium,DEF,86
Juan,2004,Bayer Leverkusen,Brazil,DEF,86
Kolo Toure,2004,Arsenal,Ivory Coast,DEF,86
Kyle Walker,2019,Manchester City,England,DEF,86
Laurent Koscielny,2016,Arsenal,France,DEF,86
Mehdi Benatia,2014,Roma,Morocco,DEF,86
Miguel Angel Nadal,1992,Barcelona,Spain,DEF,86
Ricardo Carvalho,2011,Real Madrid,Portugal,DEF,86
Stefan Effenberg,2001,Bayern Munich,Germany,DEF,86
Stefan de Vrij,2021,Inter Milan,Netherlands,DEF,86
Toby Alderweireld,2017,Tottenham Hotspur,Belgium,DEF,86
Willy Sagnol,2006,Bayern Munich,France,DEF,86
Cesar Azpilicueta,2017,Chelsea,Spain,DEF,85
Christian Chivu,2010,Inter Milan,Romania,DEF,85
John Stones,2021,Manchester City,England,DEF,85
Juanfran,2016,Atletico Madrid,Spain,DEF,85
Kostas Manolas,2018,Roma,Greece,DEF,85
Ledley King,2007,Tottenham Hotspur,England,DEF,85
Nicolas Otamendi,2018,Manchester City,Argentina,DEF,85
Pablo Zabaleta,2012,Manchester City,Argentina,DEF,85
Bacary Sagna,2012,Arsenal,France,DEF,84
Daniel Agger,2009,Liverpool,Denmark,DEF,84
David Luiz,2013,Chelsea,Brazil,DEF,84
Gary Cahill,2015,Chelsea,England,DEF,84
Hugo Ibarra,2003,Boca Juniors,Argentina,DEF,84
Joel Matip,2019,Liverpool,Cameroon,DEF,84
Jules Kounde,2021,Sevilla,France,DEF,84
Lauren,2004,Arsenal,Cameroon,DEF,84
Lisandro Martinez,2023,Manchester United,Argentina,DEF,84
Mario Yepes,2006,Paris Saint-Germain,Colombia,DEF,84
Per Mertesacker,2014,Arsenal,Germany,DEF,84
Thomas Vermaelen,2010,Arsenal,Belgium,DEF,84
Alex,2010,Chelsea,Brazil,DEF,83
Luke Shaw,2021,Manchester United,England,DEF,83
Martin Skrtel,2012,Liverpool,Slovakia,DEF,83
Maxwell,2015,Paris Saint-Germain,Brazil,DEF,83
Nathan Ake,2023,Manchester City,Netherlands,DEF,83
Alessandro Florenzi,2017,Roma,Italy,DEF,82
Domenico Criscito,2012,Zenit,Italy,DEF,82
Glen Johnson,2010,Liverpool,England,DEF,82
Harry Maguire,2019,Leicester City,England,DEF,82
Hector Bellerin,2016,Arsenal,Spain,DEF,82
Joe Gomez,2020,Liverpool,England,DEF,82
Kieran Tierney,2020,Arsenal,Scotland,DEF,82
Marcos Alonso,2017,Chelsea,Spain,DEF,82
Nacho Monreal,2017,Arsenal,Spain,DEF,82
Oleksandr Zinchenko,2021,Manchester City,Ukraine,DEF,82
Sergio Reguilon,2020,Sevilla,Spain,DEF,82
Steve Finnan,2006,Liverpool,Ireland,DEF,82
Dejan Lovren,2018,Liverpool,Croatia,DEF,81
Emmanuel Eboue,2006,Arsenal,Ivory Coast,DEF,80
John O'Shea,2009,Manchester United,Ireland,DEF,80
Paulo Ferreira,2005,Chelsea,Portugal,DEF,80
Wes Brown,2008,Manchester United,England,DEF,80
Lev Yashin,1963,Dynamo Moscow,Soviet Union,GK,97
Gianluigi Buffon,2006,Juventus,Italy,GK,96
Manuel Neuer,2014,Bayern Munich,Germany,GK,96
Iker Casillas,2010,Real Madrid,Spain,GK,94
Oliver Kahn,2001,Bayern Munich,Germany,GK,94
Dino Zoff,1982,Juventus,Italy,GK,93
Peter Schmeichel,1999,Manchester United,Denmark,GK,93
Alisson Becker,2019,Liverpool,Brazil,GK,92
Edwin van der Sar,2008,Manchester United,Netherlands,GK,92
Gordon Banks,1970,Stoke City,England,GK,92
Petr Cech,2005,Chelsea,Czech Republic,GK,92
Sepp Maier,1974,Bayern Munich,Germany,GK,92
Thibaut Courtois,2022,Real Madrid,Belgium,GK,92
Jan Oblak,2016,Atletico Madrid,Slovenia,GK,91
Julio Cesar,2010,Inter Milan,Brazil,GK,91
Ubaldo Fillol,1978,River Plate,Argentina,GK,91
Claudio Taffarel,1994,Parma,Brazil,GK,90
David de Gea,2018,Manchester United,Spain,GK,90
Dida,2005,AC Milan,Brazil,GK,90
Ederson,2021,Manchester City,Brazil,GK,90
Jose Luis Chilavert,1995,Velez Sarsfield,Paraguay,GK,90
Michel Preud'homme,1988,Mechelen,Belgium,GK,90
Walter Zenga,1990,Inter Milan,Italy,GK,90
Keylor Navas,2017,Real Madrid,Costa Rica,GK,89
Angelo Peruzzi,1997,Juventus,Italy,GK,88
Fabien Barthez,1998,Monaco,France,GK,88
Francesco Toldo,2000,Inter Milan,Italy,GK,88
Hugo Lloris,2018,Tottenham Hotspur,France,GK,88
Rene Higuita,1990,Atletico Nacional,Colombia,GK,88
Samir Handanovic,2015,Inter Milan,Slovenia,GK,88
Victor Valdes,2009,Barcelona,Spain,GK,88
Andreas Koepke,1996,Marseille,Germany,GK,87
Bodo Illgner,1998,Real Madrid,Germany,GK,87
Claudio Bravo,2015,Barcelona,Chile,GK,87
Jens Lehmann,2004,Arsenal,Germany,GK,87
Santiago Canizares,2001,Valencia,Spain,GK,87
Gregor Kobel,2023,Borussia Dortmund,Switzerland,GK,86
Pepe Reina,2007,Liverpool,Spain,GK,86
Sergio Goycochea,1990,Racing Club,Argentina,GK,86
Luca Marchegiani,2000,Lazio,Italy,GK,85
